Name,Address,Latitude,Longitude,Sign-In URL
Berala,"13 St Johns Rd, Berala NSW 2141",-33.8686,151.0257,https://www.app.complyme.com.au/Login.aspx?qrsitelogin=F5DFC116B48CF597CB34ACE0C3FA5719167A41430A46EB811F450AF4667B6CAF368EB7BF4E7202FEBB06344392F8576CB387D6CD46271F132937C285AD641995
Braeside,"155-161 Gipps Rd, Gwynneville NSW 2500",-34.4089,150.8703,https://www.app.complyme.com.au/Login.aspx?qrsitelogin=C2047A3F9749D56C7425F660685ADBDFCF84CE1CA00F87E6B979B216AC6A6AEB5076726408C74BA4F3E47F2C282BF3E3B17F791E4F37FFC98D44ECA0CE73F022&g=18556
Camellia Lodge (Woonona),"Popes Rd, Woonona NSW 2517",-34.343,150.8996,
Central Kitchen,Kanahooka NSW 2530,-34.5197,150.8386,https://www.app.complyme.com.au/Login.aspx?qrsitelogin=8F31579C770BA13B72516F5C2FB0A6855D622C5A04D5A5170005891B1AA99F781E704570D6CFA07717FF8D5CBF204804099D883FA1771858F6D1E8C0C5017931
Crown Gardens,Batemans Bay NSW 2536,-35.7076,150.1732,https://www.app.complyme.com.au/Login.aspx?qrsitelogin=83060386D29818854D4729C28FA6C5C6A8A7ABF106F54973C517232971F5EC942383B3DD4A9762DECB5901CCBD7E5404740156D73F2FAEDDD923C555884BBB81&g=18557
Culburra Beach,"110 The Lake Circuit, Culburra Beach NSW 2540",-34.9311,150.7631,https://www.app.complyme.com.au/Login.aspx?qrsitelogin=E116A22D3F898F97EBDE1BD48618121ACFD9175398C3AC2B231819D7DD0FF6EAEC6A0847FCAF6C7B88ABAF49C49BEEAADD77DB76763A2ACE3C09DB6A7A28F896&g=18558
Dalmeny,"50 Dalmeny Dr, Dalmeny NSW 2546",-36.1688,150.118,https://www.app.complyme.com.au/Login.aspx?qrsitelogin=55F3CA89A042FD4770C7B094F2289AD53DB0AA40E08955BA883A7B8797470BE8E1C1143B997A18499D9140E30E6033CB1F7D3625B0CE7CB21D1BAD86A409C734&g=18559
Diment,"39-45 Staff St, Wollongong NSW 2500",-34.4248,150.8936,
Edwina,"4-8 Underwood St, Corrimal NSW 2518",-34.378,150.892,
Five Islands Court,,-34.48,150.904,https://www.app.complyme.com.au/Login.aspx?qrsitelogin=39E3F728B268392EA388E218339B17DB564F4E9F4831EA859279F5087D966A0AC62798EB6C926576832678C24AA12DADFFD0686459B5C9B06B9F3482A73CC315&g=18561
Greenwell Gardens,"4 Brinawarr St, Bomaderry NSW 2541",-34.863,150.594,https://www.app.complyme.com.au/Login.aspx?qrsitelogin=F22B86D835A07ADF61BB2E7EF2BE7EB2C316BF6DA33D6751C493C944B63E8B96C84345C91E36A71F95729DA2AE658775E2786BE07CEFBA093915FF0093BEC0E2&g=18562
Harbourside,"6 Terralong St, Kiama NSW 2533",-34.671,150.855,
Henry Brooks Estate,Kanahooka NSW 2530,-34.5197,150.8386,https://www.app.complyme.com.au/Login.aspx?qrsitelogin=F91DBC2E1A0112D3E1816ED0294096AF6A7D6F818113FF4E0482831C4903CD901A8CD4DF2962CB804FEE5F49418ED20B816D570394B38503DC2C35ADDBDF306D&g=18565
Howard Court,"27A Stewart St, Wollongong NSW 2500",-34.4248,150.8936,https://www.app.complyme.com.au/Login.aspx?qrsitelogin=D3BBD4FC38BEB92E0AAF8E6305F0BF108F9FF5A8D136E5E1020C77D3EA7C70CB37C2F9D5D291AD5DD40C2572462745D03544A834F3F84EC8EB0664FA5D733E22
Kangara Waters,"2 Joy Cummings Pl, Belconnen ACT 2617",-35.2388,149.061,https://www.app.complyme.com.au/Login.aspx?qrsitelogin=3D4A4DFF44A5AC72DB22643E861214E2E5CC22C9AA193A2E9B8BE8A3040AC5B77C5761D1309EE7DD8D7075033138C52B881A2E6E278096F5D0443E662E806D74&g=18566
Kimera (WBG),"286 Kanahooka Rd, Kanahooka NSW 2530",-34.4912795,150.8134622,
Macarthur,"1 Hyde Parade, Campbelltown NSW 2560",-34.0633,150.8144,https://www.app.complyme.com.au/Login.aspx?qrsitelogin=42599AD7DDA567E98A3007F45C6192939E1C541E6B8B845339B368BA8C045FB192131A9B567971EBCA1A43F162F33E61DB0092099CBA0040A6AFCF747F35BA56
Marco Polo Unanderra,Unanderra NSW 2526,-34.4947,150.8522,https://www.app.complyme.com.au/Login.aspx?qrsitelogin=C91BCED484B4E53377D4BF66E7959C8503039D5143A7B11C3F5E52E27096A539CB9FD1D96A860481CFADD16E28F220C1B8D4B578938E65BD9071A8FB877C76AB&g=19971
Marco Polo Woonona,"52 Woonona Parade, Woonona NSW 2517",-34.34938,150.90095,https://www.app.complyme.com.au/Login.aspx?qrsitelogin=0B3C4E57C574EDF48BBB114F72163076756E808B277023A63F6F8C27ED9082784426564E504B3D7A9CEABD2D5652683B75FC73DA54076BD366BF9B38A9DC7187&g=19970
Milton Faire,"Princes Hwy, Milton NSW 2538",-35.319,150.4385,
Moruya,"6-10 Evans St, Moruya NSW 2537",-35.9077,150.0844,https://www.app.complyme.com.au/Login.aspx?qrsitelogin=760F31FA84B7089B0EBBC6B1EEBA3693F790744B16E65A25283D9ECA6B05905014C0D83680AE54A8D2212B03CF4A2A271A8EDB25BC065F8AA416F881E44F25E3&g=18567
Parkside,"27B Stewart St, Wollongong NSW 2500",-34.4248,150.8936,https://www.app.complyme.com.au/Login.aspx?qrsitelogin=C4431D98F17ABE034FD5255BC30C4A6894EA641DDA659DB2B14CBF974AA12FD60907ADA2AAEAA4523B464161DCF5AFA781A261EE539EF46E19663ED216D64CD9
Peakhurst,"24 Turpentine Ave, Peakhurst NSW 2210",-33.9638,151.0561,https://www.app.complyme.com.au/Login.aspx?qrsitelogin=FAF918DE2AB2F7EE166D10A5878863DB12BAB9EF22DB4D614F7B35E7A5C52C11E0586E7C2A42BF3A7F1EB31D9AAAA85CC34C605F0FE7706F2FAD1250A0307E80&g=18569
Sarah Claydon Milton,"130 Princes Hwy, Milton NSW 2538",-35.319,150.4385,
Seaview,"49-53 Park Rd, Woonona NSW 2517",-34.346,150.901,
St Georges Basin,"1 Meriton St, St Georges Basin NSW 2540",-35.1069,150.5783,https://www.app.complyme.com.au/Login.aspx?qrsitelogin=B46312D66602D0B6F0397592F2BA5F1C7DBCEF02A5EAD98632417E6C8D995F4D26E5704673E8C8B3705A707339EFAB423358B361EB98B4E5CA169EE155419D5D&g=18571
Tarrawanna Depot,Tarrawanna NSW 2518,-34.3886,150.8808,
Tarrawanna Gardens,Tarrawanna NSW 2518,-34.3886,150.8808,
Tarrawanna RCF,"74-80 Caldwell Ave, Tarrawanna NSW 2518",-34.3886,150.8808,https://www.app.complyme.com.au/Login.aspx?qrsitelogin=578FA9E94E07FBEBED321E59A3BC7D583F99537D5247BE58BFDD80332898287CF762CD31F37EA0FF1F146A527A9A130877E1A4EB87690BB3ED7FD9F5E70F10DE&g=18572
The Clyde,"3 Beach Rd, Batemans Bay NSW 2536",-35.7076,150.1732,https://www.app.complyme.com.au/Login.aspx?qrsitelogin=286B8AF939167056A769FE357D1EDFB6E575CADE8FAAD16775AE46881944EACDF770AF42A287F542EBB872FA0F6ECA422288F199D5FE6802ED5D5DB3C1F11AC3&g=18574
Thomas Holt Kilpatrick Court,"539 The Boulevarde, Sutherland NSW 2232",-34.03,151.057,
Thomas Holt Kirrawee,"1-25 Acacia Rd, Kirrawee NSW 2232",-34.0369,151.0686,https://www.app.complyme.com.au/Login.aspx?qrsitelogin=CB04883D37BDC13F74F3E183B2F2A75364C5ABA46EBC4CC50F1A241A4C10465CF1FF127035D2B63A790004BEFDFA17C90FDA1B387F492F5EF69D2DC0771E7043
Thomas Holt Sans Souci Gardens,"188 Chuter Ave, Sans Souci NSW 2219",-33.9967,151.1167,https://www.app.complyme.com.au/Login.aspx?qrsitelogin=497EDA70A3C1F1AC1488E13430E027A44837AEE997D4ABF1F05F4D798D389D60412A613BCD0839AC777B47475CC0F9DD0D7283201F83F3FF878BAF3160FF01A1&g=18630
Thomas Holt Stafford Court,"492-496 Box Rd, Jannali NSW 2226",-34.018,151.066,
Towradgi Park Lodge,"43-47 Towradgi Rd, Towradgi NSW 2518",-34.383,150.887,
William Beach Gardens,"260 Kanahooka Rd, Kanahooka NSW 2530",-34.5197,150.8386,https://www.app.complyme.com.au/Login.aspx?qrsitelogin=46700196231D026EA97A1E9B7212648134B4B65C55C88E49877504EE360F3C77AF317E9841C548BCBB91EF4C04807996AC41FEDE1380B55437FA0FB16F81BF58
Woonona (Flametree),"Popes Rd, Woonona NSW 2517",-34.343,150.8996,https://www.app.complyme.com.au/Login.aspx?qrsitelogin=D747F07DDA7ECA76A645DA3AF11086764789197774C179F95A68BA702E14581548773A03B6B3E1151953455B4156343C2319B13C46B1FD2C93533115D9380A9D
Birch Villa,"47 Underwood St, Corrimal NSW 2518",-34.378,150.892,
